keyword,is_brand
20대신경치료,N
20대치주염,N
25번치아,N
2동탄목동치과,N
2동탄어린이치과,N
2동탄치과,N
2동탄호수공원치과,N
2차충치,N
30대앞니임플란트,N
40대염증,N
41번치아,N
47번치아,N
70대임플란트보험,N
70대치과보험,N
70대틀니,N
Gpconetracing,N
InjectionMoulding,N
MTA치수절단술,N
PFM제작과정,N
[치과20회]치수염원인과치료,N
apexification,N
apex치과,N
apicoectomy발음,N
ccanal,N
chronicapicalperiodontitis,N
crack,N
crack치아,N
c형근관,N
diastema,N
diastema레진,N
emergencyprofile,N
endo과정,N
iarpd,N
injection,N
injury,N
intrusion,N
lateralsinus,N
mb2,N
mesiobuccal,N
moulding,N
mtapulpotomy,N
mta치수절단술,N
pfm제작과정,N
pfm지르코니아,N
pulpotomy,N
pulptomy,N
reendo,N
rootcrack,N
rootfracture,N
sinustrack,N
sinustract,N
verticalcrack,N
verticalfracture,N
가지염증,N
가지잇몸,N
거터퍼쳐,N
건강한잇몸파노라마,N
결손치아,N
경희대치과병원재신경치료,N
고름,N
골드인레이,N
골드인레이수명,N
골드인레이이시림,N
골드인레이충치,N
골드인레이치아파절,N
골드인레이크랙,N
골드인레이탈락,N
골드인레이파절,N
골드치과,N
골드크라운마진,N
골드크라운후기,N
괴사염증,N
교정변색,N
교정브릿지,N
교정신경치료,N
교정앞니발치,N
교정앞니흔들림,N
교정중앞니흔들림,N
교정중치수괴사,N
교정중치아변색,N
교정중치아흔들림,N
교정치수괴사,N
교정치아변색,N
교정치아뿌리,N
교정치아흔들림,N
교정후미백,N
교정후앞니흔들림,N
교정후이흔들림,N
교정후치아뿌리,N
교정후치아흔들림,N
교정후흔들림,N
교합면우식,N
교합면충치,N
교합지,N
교합지자국,N
교합지종류,N
구치부레진,N
근관석회화,N
근관충전후통증,N
금간어금니,N
금간어금니신경치료,N
금간어금니치료,N
금간이,N
금간이신경치료,N
금간이치료,N
금간치아,N
금간치아신경치료,N
금간치아크라운,N
금이간어금니,N
금인레이2차충치,N
금인레이균열,N
금인레이크랙,N
금인레이파절,N
급성치수염,N
급성치수염신경치료,N
급성치수염증상,N
급성치수염치료,N
급성치수염통증,N
기도CT,N
깊은충치레진,N
깨진앞니레진,N
깨진앞니발치,N
깨진이,N
깨진이레진,N
깨진치아치료법,N
내려간잇몸,N
내부충치,N
내이튼,Y
내이튼치과,Y
내이튼치과의원,Y
내이튼치과임플란트,Y
내이튼치과재신경치료,Y
네오픽스쳐,N
네이튼치과,Y
노인라미네이트,N
다발성우식,N
다발성충치,N
다이아스테마,N
다이아스테마레진,N
당일레진,N
대학병원잇몸치료,N
대학병원재신경치료,N
대학병원치과신경치료,N
더바름치과병원재신경치료,N
덴티스픽스쳐,N
동탄2목동치과,N
동탄2미소치과,N
동탄2치과,N
동탄나무치과,N
동탄내이튼,Y
동탄내이튼치과,Y
동탄내이튼치과재신경치료,Y
동탄네이튼치과,Y
동탄더새로운치과,N
동탄동치과,N
동탄라미네이트,N
동탄라미네이트치과,N
동탄레진,N
동탄매복사랑니,N
동탄무삭제라미네이트,N
동탄미백,N
동탄미백치과,N
동탄미세현미경치과,N
동탄보존과,N
동탄보존과전문의,N
동탄보존과치과,N
동탄보존치과,N
동탄보철전문의,N
동탄북광장,N
동탄북광장치과,N
동탄브릿지,N
동탄스플린트,N
동탄신경치료,N
동탄신경치료치과,N
동탄앞니교정,N
동탄앞니깨짐전문치과,N
동탄앞니레진,N
동탄앞니임플란트,N
동탄앞니크라운,N
동탄어린이치과,N
동탄역교정치과,N
동탄역내이튼치과,Y
동탄역라미네이트,N
동탄역부근치과,N
동탄역사랑니,N
동탄역삶신경과,N
동탄역신경과,N
동탄역어린이치과,N
동탄역임플란트,N
동탄역임플란트치과,N
동탄역치과,N
동탄역치과스케일링,N
동탄역치과추천,N
동탄이로운치과,N
동탄이편한치과,N
동탄인레이,N
동탄임플란트,N
동탄임플란트전문,N
동탄임플란트추천,N
동탄임플란트치과,N
동탄임플란트틀니,N
동탄잇몸이식,N
동탄잇몸치과,N
동탄잇몸치료,N
동탄재신경치료,N
동탄채움치과,N
동탄충치,N
동탄충치치과,N
동탄충치치료,N
동탄치과,N
동탄치과레진,N
동탄치과미백,N
동탄치과미세현미경,N
동탄치과보존과,N
동탄치과신경치료,N
동탄치과전문의,N
동탄치과추천,N
동탄치근단절제술,N
동탄치아보존과,N
동탄치아보존치료,N
동탄치주과,N
동탄틀니,N
동탄포인트치과,N
동탄호수공원신경과,N
동탄호수공원치과,N
동탄호수치과,N
라미네이트,N
라미네이트깨짐,N
라미네이트레진,N
라미네이트엑스레이,N
레진,N
레진2차우식,N
레진2차충치,N
레진깨짐,N
레진다시,N
레진당일,N
레진당일치료,N
레진세라믹인레이,N
레진수복,N
레진수복과정,N
레진수복치료,N
레진수지관스프린트,N
레진와이어스프린트,N
레진위에충치,N
레진이차충치,N
레진인레이,N
레진인레이금인레이,N
레진치료,N
레진치료당일,N
레진파절,N
리엔도,N
만성근단성치주염,N
매복사랑니임플란트,N
맥스픽스임플란트,N
메가젠픽스쳐,N
목동치과,N
미세현미경신경치료,N
발치즉시식립,N
발치즉시식립임플란트,N
발치후살,N
발치후식립,N
발치후임시치아,N
발치후즉시식립,N
발치후즉시식립임플란트,N
발치후즉시임플란트,N
밥먹을때치아통증,N
벌어진앞니,N
벌어진앞니레진,N
벌어진앞니치료,N
벌어진치아레진,N
보존과,N
보존과재신경치료,N
보존과전문의,N
보철염증,N
보철제거,N
보철충치,N
보철탈락,N
부근관,N
부분치수절단술,N
북광장치과,N
브릿지,N
브릿지과정,N
브릿지교정,N
브릿지교체,N
브릿지모양,N
브릿지제작과정,N
브릿지치아교체,N
브릿지치아변색,N
브릿지치아염증,N
뼈이식흡수,N
뿌리끝염증,N
뿌리끝염증신경치료,N
뿌리염증,N
뿌리염증신경치료,N
뿌리염증원인,N
뿌리염증크라운,N
사랑니가흔들려요,N
사랑니치주염,N
상악동,N
상악동거상술,N
상악동거상술방법,N
상악동거상술술식,N
상악동거상술측방,N
상악동수술후주의사항,N
상악동염증,N
상악동염증약,N
상악동염증치료,N
상악동임플란트,N
상악뼈이식,N
상악임플란트뼈이식,N
상악치조골,N
상학동거상술,N
세라믹레진,N
세라믹인레이,N
세라믹인레이가격,N
세라믹인레이파절,N
소구치교합,N
소구치교합면,N
소구치신경치료,N
소구치임플란트,N
소구치충치,N
소구치크라운,N
소구치크랙,N
소구치흔들림,N
송곳니,N
송곳니레진,N
송곳니레진수명,N
송곳니레진치료,N
송곳니부식,N
송곳니브릿지,N
송곳니뿌리통증,N
송곳니사이충치,N
송곳니신경치료레진,N
송곳니인레이,N
송곳니착색,N
송곳니충치,N
송곳니충치레진,N
수복골드,N
수산화칼슘첩약,N
수산화칼슘치과,N
수직골소실,N
수직치근파절,N
수직파절,N
수평치근파절,N
수평파절,N
쉐이드테이킹,N
스마트렌즈,N
신경괴사,N
신경죽은앞니,N
신경죽은이,N
신경죽은치아,N
신경치료,N
신경치료2차후통증,N
신경치료갑자기통증,N
신경치료고름,N
신경치료과정,N
신경치료괴사,N
신경치료금,N
신경치료기간,N
신경치료끝,N
신경치료다시,N
신경치료미백,N
신경치료미세현미경,N
신경치료발치,N
신경치료변색,N
신경치료뿌리,N
신경치료뿌리염증,N
신경치료색,N
신경치료성공,N
신경치료얼굴붓기,N
신경치료엔도,N
신경치료염증,N
신경치료이흔들림,N
신경치료인레이,N
신경치료임플란트,N
신경치료잇몸,N
신경치료잇몸변색,N
신경치료잇몸염증,N
신경치료재발,N
신경치료충전재,N
신경치료치아깨짐,N
신경치료치아발치,N
신경치료치아변색,N
신경치료치아통증,N
신경치료치아흔들림,N
신경치료칼시펙스,N
신경치료크라운,N
신경치료크라운과정,N
신경치료통증,N
신경치료파일부러짐,N
신경치료후검게,N
신경치료후기,N
신경치료후발치,N
신경치료후변색,N
신경치료후뿌리염증,N
신경치료후압통,N
신경치료후염증,N
신경치료후염증발치,N
신경치료후염증임플란트,N
신경치료후임플란트,N
신경치료후잇몸,N
신경치료후잇몸변색,N
신경치료후잇몸색,N
신경치료후치아뿌리염증,N
신경치료후치아흔들림,N
신경치료후크라운,N
신경치료후통증,N
신경치료후파절,N
신경치료흔들림,N
신경혈관,N
실란트,N
실란트러버댐,N
실란트치아,N
실활치미백,N
실활치미백과정,N
실활치미백술식,N
심미레진,N
심하게벌어진치아,N
심한잇몸퇴축,N
심한충치,N
썩은앞니,N
씌운이통증,N
씌운치아통증,N
씌운치아흔들림,N
아래어금니발치,N
아래어금니통증,N
아랫니깨짐,N
아랫니레진,N
아랫니브릿지,N
아랫니사이충치,N
아랫니영구치,N
아랫니유치,N
아말감,N
아말감2차충치,N
아말감교체,N
아말감레진,N
아말감수복과정,N
아말감충치,N
아스톡,N
아이앞니벌어짐,N
알보칠,N
앞니,N
앞니PFM크라운,N
앞니pfm,N
앞니가벌어져요,N
앞니가벌어짐,N
앞니가썩었어요,N
앞니갈색반점,N
앞니갈색충치,N
앞니검은얼룩,N
앞니검은점,N
앞니고름,N
앞니공간,N
앞니금,N
앞니금레진,N
앞니까맣게,N
앞니깨졌을때,N
앞니깨졌을때레진,N
앞니깨짐,N
앞니깨짐라미네이트,N
앞니깨짐레진,N
앞니깨짐신경치료,N
앞니깨짐통증,N
앞니끝깨짐,N
앞니내려앉음,N
앞니넘어짐,N
앞니뒤쪽잇몸,N
앞니뒤쪽잇몸퇴축,N
앞니뒷면깨짐,N
앞니라미네이트깨짐,N
앞니레진,N
앞니레진깨짐,N
앞니레진변색,N
앞니레진수복,N
앞니레진유지기간,N
앞니레진충치,N
앞니모양,N
앞니미백,N
앞니발치,N
앞니발치교정,N
앞니발치임시치아,N
앞니발치후임시치아,N
앞니벌어짐,N
앞니벌어짐라미네이트,N
앞니변색,N
앞니변색이유,N
앞니보철,N
앞니부딪힘,N
앞니부딪힘통증,N
앞니부러짐,N
앞니브릿지,N
앞니브릿지교체,N
앞니뼈이식,N
앞니뼈이식붓기,N
앞니뼈이식임플란트,N
앞니뿌리통증,N
앞니사이충치,N
앞니색,N
앞니색변함,N
앞니색변화,N
앞니신경괴사,N
앞니신경치료,N
앞니신경치료과정,N
앞니신경치료교정,N
앞니신경치료미백,N
앞니신경치료변색,N
앞니신경치료염증,N
앞니신경치료임시치아,N
앞니신경치료크라운,N
앞니신경치료통증,N
앞니신경치료후레진,N
앞니신경치료후변색,N
앞니신경치료후크라운,N
앞니신경치료후통증,N
앞니실활치미백,N
앞니썩은,N
앞니아랫니브릿지,N
앞니안쪽레진,N
앞니염증임플란트,N
앞니외상,N
앞니인접면충치,N
앞니임시치아,N
앞니임시치아당일,N
앞니임플란트,N
앞니임플란트불가,N
앞니임플란트빼는데옆에치아가흔들려요,N
앞니임플란트임시치아,N
앞니임플란트후교정,N
앞니잇몸내려앉음,N
앞니잇몸내려앉음치료,N
앞니잇몸변색,N
앞니잇몸통증,N
앞니잇몸퇴축,N
앞니재신경치료,N
앞니재크라운,N
앞니지르코니아,N
앞니지르코니아색상,N
앞니지르코니아크라운,N
앞니충치,N
앞니충치변색,N
앞니충치사진,N
앞니충치통증,N
앞니치근단절제술,N
앞니치근단절제술후기,N
앞니치근파절,N
앞니치수괴사,N
앞니치아깨짐,N
앞니치아변색,N
앞니치조골,N
앞니캔틸레버,N
앞니크라운,N
앞니크라운교체,N
앞니크라운교체시기,N
앞니크라운모양,N
앞니크라운빠짐,N
앞니크라운색상,N
앞니크라운염증,N
앞니크라운잇몸,N
앞니크라운잇몸염증,N
앞니크라운재신경치료,N
앞니크라운재제작,N
앞니통증,N
앞니틈,N
앞니파절,N
앞니파절신경치료,N
앞니파절신경치료후찌르르통증,N
앞니함입,N
앞니흔들림,N
앞이벌어짐,N
양쪽어금니발치,N
어금니2차충치,N
어금니간질,N
어금니골드인레이,N
어금니그루브,N
어금니근관,N
어금니금,N
어금니금감,N
어금니금신경치료,N
어금니금이마니간치아,N
어금니깨짐,N
어금니깨짐레진,N
어금니뒤잇몸염증,N
어금니레진,N
어금니레진깨짐,N
어금니레진변색,N
어금니레진인레이,N
어금니레진탈락,N
어금니발치임플란트,N
어금니발치후임시치아,N
어금니발치후흡연,N
어금니사이충치,N
어금니살리기,N
어금니세라믹,N
어금니수직파절,N
어금니시큰,N
어금니신경치료기간,N
어금니아파,N
어금니없으면,N
어금니염증발치,N
어금니옆면레진,N
어금니옆면충치,N
어금니옆면충치레진,N
어금니온레이,N
어금니인레이,N
어금니인레이깨짐,N
어금니인레이크라운,N
어금니임플란트사진,N
어금니임플란트후기,N
어금니잇몸,N
어금니잇몸고름,N
어금니잇몸내려앉음,N
어금니잇몸염증,N
어금니잇몸이식,N
어금니잇몸퇴축,N
어금니재신경치료,N
어금니정상교합,N
어금니충치,N
어금니충치레진,N
어금니치은퇴축,N
어금니크랙,N
어금니크랙신경치료,N
어금니크랙인레이,N
어금니크랙크라운,N
어금니통증,N
어금니퇴축,N
어금니파절,N
어금니흔들리고아파요,N
어른유치,N
어린이실란트,N
어린이앞니신경치료,N
어린이어금니홈메우기,N
어린이치아홈메우기,N
어린이홈메우기,N
얼굴농양,N
엔도,N
엔도가능성,N
엔도과정,N
엔도치과,N
엔도크라운,N
염증괴사,N
영구치아랫니,N
옆면충치,N
옆면충치레진,N
예방적레진수복,N
오래된레진,N
오래된아말감,N
오래된앞니크라운,N
오른쪽어금니통증,N
오버덴쳐,N
오버덴쳐제작과정,N
오산동치과,N
오산동치과충치,N
오산수치과,N
오산치과보존과,N
와이어스프린트,N
왜소치,N
왜소치라미네이트,N
왜소치크라운,N
외상전문의,N
왼쪽아랫니통증,N
왼쪽어금니,N
우식발생,N
윗니임플란트틀니,N
윗니전체임플란트,N
윗니전체임플란트가격,N
윗니전체틀니,N
윗니통증,N
윗니틀니,N
윗니틀니가격,N
유치pulpotomy,N
유치브릿지,N
유치아랫니,N
유치어금니충치치료,N
유치어른,N
유치치수절단술,N
윤민정원장,Y
의료보험기준,N
의료보험임플란트,N
의료보험틀니,N
이가검게,N
이가검게변하는이유,N
이가까맣게,N
이가까매졌어요,N
이가깨졌어요,N
이가깨졌어요레진,N
이가깨진경우,N
이까맣게,N
이맥스인레이,N
이변색,N
이빨뿌리염증,N
이사이까만,N
이사이떼우기,N
이사이레진,N
이사이벌어짐레진,N
이신경염증,N
이신경치료,N
이차우식,N
인레이,N
인레이2차우식,N
인레이2차충치,N
인레이가격,N
인레이골드,N
인레이과정,N
인레이교체,N
인레이깨짐,N
인레이깨짐비용,N
인레이다시,N
인레이변색,N
인레이빠졌을때,N
인레이속충치,N
인레이시간,N
인레이염증,N
인레이온레이가격,N
인레이충치,N
인레이치료,N
인레이치료과정,N
인레이치료후충치,N
인레이치아파절,N
인레이크랙,N
인레이탈락,N
인레이틈,N
인레이파절,N
인레이호수,N
인접면,N
인접면우식,N
인접면인레이,N
인접면정지우식,N
인접면초기충치,N
인접면충치,N
인접면충치정지,N
인접면충치정지우식,N
인접면충치초기,N
인접면치석,N
임시치아기간,N
임플란트2개월,N
임플란트4개월,N
임플란트가떨어졌어요,N
임플란트가흔들리는이유,N
임플란트괴사,N
임플란트기간,N
임플란트나사노출,N
임플란트나사뚜껑,N
임플란트나사제거,N
임플란트떨어졌어요,N
임플란트머리,N
임플란트보철이빠졌어요,N
임플란트불가,N
임플란트빠졌을때,N
임플란트뼈이식가루,N
임플란트뼈이식통증,N
임플란트뼈이식후잇몸,N
임플란트상악동,N
임플란트상악동염증,N
임플란트술식,N
임플란트식립,N
임플란트식립술식,N
임플란트식립후임시치아,N
임플란트임시,N
임플란트임시치아세팅,N
임플란트잇몸내려앉음,N
임플란트잇몸퇴축,N
임플란트재보철,N
임플란트재식립,N
임플란트재식립기간,N
임플란트전치부,N
임플란트정출,N
임플란트주위염사진,N
임플란트증례,N
임플란트지연식립,N
임플란트차폐막,N
임플란트피주머니,N
임플란트픽스처파절,N
임플란트픽스쳐,N
임플란트픽스쳐길이,N
임플란트픽스쳐종류,N
임플란트픽스쳐파절,N
임플란트픽스쳐흔들림,N
임플란트후잇몸퇴축,N
임플란트후주위염,N
임플란트후흔들림,N
임플란트흔들리는이유,N
입천장고름,N
입천장고름주머니,N
잇몸검붉은,N
잇몸고름주머니,N
잇몸고름치료,N
잇몸까맣게,N
잇몸까매짐,N
잇몸깨짐,N
잇몸내려앉음,N
잇몸대학병원,N
잇몸덩어리,N
잇몸벌어짐,N
잇몸변색,N
잇몸뼈가루,N
잇몸뿌리고름,N
잇몸뿌리염증,N
잇몸뿌리염증치료,N
잇몸수복,N
잇몸신경치료,N
잇몸심한염증,N
잇몸에덩어리,N
잇몸에물집,N
잇몸에하얀물집,N
잇몸염증고름,N
잇몸염증대학병원,N
잇몸염증덩어리,N
잇몸염증물집,N
잇몸염증발치,N
잇몸염증병원,N
잇몸염증볼록,N
잇몸염증신경치료,N
잇몸염증재신경치료,N
잇몸염증치과,N
잇몸염증치료,N
잇몸외상,N
잇몸이붓고아파요,N
잇몸이붓고이가흔들려요,N
잇몸재신경치료,N
잇몸충치,N
잇몸치료과정,N
잇몸치료대학병원,N
잇몸치아깨짐,N
잇몸탈락,N
잇몸퇴축,N
잇몸퇴축임플란트,N
잇몸퇴축치과,N
잇몸퇴축치료,N
잇몸흰색덩어리,N
잇몸흰색염증,N
자연치,N
작은어금니크랙,N
작은어금니파절,N
작은유치,N
작은임플란트,N
잔존치질,N
재신경치료,N
재신경치료고름,N
재신경치료과정,N
재신경치료기간,N
재신경치료대학병원,N
재신경치료미세현미경,N
재신경치료병원,N
재신경치료보존과,N
재신경치료붓기,N
재신경치료비용대학병원,N
재신경치료성공확률,N
재신경치료실패,N
재신경치료염증,N
재신경치료전문,N
재신경치료전문치과,N
재신경치료통증,N
재신경치료포스트,N
재신경치료후기,N
재신경치료후크라운,N
재신경치료후통증,N
전악수복,N
전치부레진,N
전치부브릿지,N
전치부심미보철,N
전치부임플란트,N
전치부치아,N
전치지르코니아,N
죽은신경,N
죽은앞니,N
즉시식립임플란트,N
지르코니아앞니,N
지르코니아크라운제거,N
지르코니아크라운제작과정,N
지연식립,N
차폐막제거,N
초기우식,N
충치과정,N
충치균,N
충치균모양,N
충치균사진,N
충치균제거,N
충치당일치료,N
충치레진밥,N
충치레진세라믹,N
충치옆면,N
충치육안,N
충치인레이,N
충치인레이과정,N
충치치료,N
충치치료레진,N
충치치아파절,N
충치현미경,N
치간칫솔,N
치경부마모증레진,N
치경부마모증레진비용,N
치경부충치,N
치과endo,N
치과intrusion,N
치과mb,N
치과tbi뜻,N
치과공기주머니,N
치과교정순서,N
치과그루브,N
치과나사,N
치과농양,N
치과레진과정,N
치과레진깨짐,N
치과레진당일,N
치과레진비용,N
치과레진시멘트,N
치과미세현미경,N
치과미세현미경있는수원병원,N
치과발수과정,N
치과배농술,N
치과보존과,N
치과보존과전문의,N
치과브릿지과정,N
치과브릿지교체,N
치과세라믹,N
치과신경치료,N
치과아말감,N
치과앞니레진,N
치과얼굴붓기,N
치과엔도,N
치과엔도과정,N
치과엔도술식,N
치과엔도용어,N
치과용어약자,N
치과의사블로그,N
치과이맥스,N
치과인레이가격,N
치과임시치아,N
치과잇몸염증,N
치과정기검진기간,N
치과충전재,N
치과치료붓기,N
치과치료순서,N
치과치료얼굴붓기,N
치과치료포스트,N
치과치료후붓기,N
치과치료후얼굴붓기,N
치과치수절단,N
치과치수치료,N
치과치질,N
치과큐레이,N
치과틀니,N
치과포스트,N
치과포스트드릴,N
치과포스트제거,N
치과프랩과정,N
치과현미경,N
치관파절,N
치근,N
치근단병소,N
치근단사진,N
치근단엑스레이,N
치근단염신경치료,N
치근단염증,N
치근단절제술,N
치근단절제술과정,N
치근단절제술밥,N
치근단절제술음주,N
치근단절제술통증,N
치근단절제술통증후기,N
치근단촬영,N
치근단형성술,N
치근분리,N
치근수직파절,N
치근절단술,N
치근통증,N
치근파절,N
치근파절뜻,N
치근파절발치,N
치근파절신경치료,N
치근파절엑스레이,N
치근파절증상,N
치근파절치료,N
치근파절통증,N
치수괴사,N
치수괴사변색,N
치수괴사신경치료,N
치수괴사원인,N
치수괴사치료,N
치수복조,N
치수복조술,N
치수염,N
치수염증상,N
치수염치료,N
치수염후기,N
치수절단술,N
치수절단술mta,N
치수절단술과정,N
치수제거,N
치수조직,N
치수침범이있는치관파절,N
치아24번,N
치아25번,N
치아41번,N
치아CT,N
치아골이식,N
치아괴사,N
치아교정변색,N
치아교정치아변색,N
치아교합지,N
치아균,N
치아금신경치료,N
치아깨졌을때,N
치아깨진거,N
치아깨짐통증,N
치아끝깨짐,N
치아끝통증,N
치아내부충치,N
치아뒷면깨짐,N
치아레진,N
치아레진깨짐,N
치아레진당일,N
치아머리,N
치아반점레진,N
치아발치후흰색,N
치아벌어짐교정,N
치아변색,N
치아변색미백,N
치아변색치료,N
치아복조술,N
치아부딪힐때통증,N
치아부위,N
치아브릿지,N
치아브릿지교체,N
치아브릿지잇몸,N
치아뿌리고름,N
치아뿌리고름주머니,N
치아뿌리교정,N
치아뿌리변색,N
치아뿌리염증,N
치아뿌리염증원인,N
치아뿌리염증치근단,N
치아뿌리파절,N
치아뿌리흡수,N
치아사이,N
치아사이레진,N
치아사이충치레진,N
치아색크라운,N
치아수평,N
치아신경괴사,N
치아신경변색,N
치아신경치료,N
치아신경치료재발,N
치아신경치료후통증,N
치아실란트,N
치아앞니레진,N
치아앞니벌어짐,N
치아엔도,N
치아염증,N
치아염증발치,N
치아염증치료,N
치아염증통증,N
치아옆면,N
치아옆면레진,N
치아옆면충치,N
치아옆면충치레진,N
치아와잇몸사이충치,N
치아위아래,N
치아인접면충치,N
치아충치,N
치아크라운,N
치아크라운과정,N
치아크라운변색,N
치아크랙신경치료,N
치아크랙크라운,N
치아탈회,N
치아탈회레진,N
치아파절신경치료,N
치아파절원인,N
치아파절인레이,N
치아파절크라운,N
치아함입,N
치아홈,N
치아홈메우기,N
치아홈메우기과정,N
치아홈메우기나이,N
치아흔들림,N
치외치,N
치외치염증,N
치외치파절,N
치조골이식술,N
치조골흡수,N
치조골흡수부전,N
치조백선,N
치주염사랑니,N
치주염사진,N
치주염이흔들림,N
치질치과,N
캔틸레버임플란트,N
케이스변색이유,N
큐레이,N
큐레이구강카메라,N
큐레이충치,N
큐레이치과,N
크라운교체,N
크라운교체과정,N
크라운다시,N
크라운씌우는과정,N
크라운씌운곳이아파요,N
크라운염증,N
크라운우식,N
크라운욱신욱신,N
크라운잇몸까맣게,N
크라운잇몸내려앉음,N
크라운잇몸색,N
크라운치료후염증,N
크라운치아변색,N
크라운치아흔들림,N
크랙인레이,N
튀어나온앞니,N
튀어나온앞니교정,N
특정임플란트치조골이식술치료,N
틀니,N
틀니의료보험,N
틀니통증,N
포스트재신경치료,N
포스트제거,N
포스트치과,N
픽스처파절,N
픽스쳐,N
픽스쳐종류,N
픽스쳐찢어짐,N
픽스쳐흔들림,N
픽업코핑,N
함입,N
현미경나사,N
화성대학병원,N
화성동탄역치과,N
화성오산동치과,N
흔들리는이신경치료,N
흔들리는이통증,N
흔들리는치아신경치료,N
흔들리는치아잇몸치료,N
흔들리는치아통증,N
힐링어버트먼트풀림,N
