keyword,frequency
임플란트,28
신경치료,24
치과 추천,23
친절한 치과,13
과잉진료 없는 치과,12
과잉진료,10
과잉진료 없는 곳,10
동탄 치과,9
보존과 전문의,7
어린이 치과,5
사랑니 발치,5
턱관절,4
턱관절 치료,4
크라운,4
뼈이식,4
충치치료,4
매복 사랑니,4
치료비,3
어금니 통증,3
동탄역 치과,3
양심적인 치과,3
대학병원,3
치과 진료,3
동탄 임플란트,3
어금니 치료,3
신경 치료,3
치아 통증,3
동탄 치과 추천,3
스케일링,3
잘하는 치과,2
보존치료,2
디지털 임플란트,2
치과추천,2
잇몸치료,2
꼼꼼한 진료,2
보철과 전문의,2
디지털 진단,2
충치 치료,2
미세현미경 진료,2
과잉진료 의심,2
재신경치료,2
동탄치과,2
치아 치료,2
동탄역,2
과잉 진료 없는 치과,2
동탄역 치과 추천,2
치아 건강,2
치료 잘하는 곳,2
치과 경험,2
소아치과,2
치아교정,2
호수공원 치과,2
무통 마취,2
치과 선택,2
잇몸 치료,2
턱 통증,1
입 벌릴 때 소리,1
편두통,1
어금니 파절,1
치아 파절,1
외상 치아,1
레진 치료,1
치아 충격,1
새로생긴 치과,1
가까운 치과,1
아기 치과 검진,1
치과 트라우마,1
어금니 충치,1
치근단절제술,1
치과 시술,1
개인치과,1
동탄임플란트,1
임플란트 전문의,1
치아 상실,1
맞춤형 치료,1
진료비,1
턱관절 통증,1
턱관절 장애,1
물리치료,1
보험 진료,1
미세현미경,1
어금니 깨짐,1
임플란트 잘하는 곳,1
꼼꼼한 치료,1
강아지 발치,1
노령견 치과,1
동물병원,1
발치 비용,1
치과 공포증,1
치과 치료 비용,1
과잉진료 없는,1
이가 시리다,1
월 일,1
신경치료 후 통증,1
자연치아 살리기,1
염증 치료,1
불편한 치아,1
재치료,1
치과치료,1
내원 횟수,1
진료 잘 보는 곳,1
보철치료,1
민생회복 소비쿠폰,1
영구치 손상,1
동탄역 임플란트,1
크라운 치료,1
임플란트 추천,1
어금니 크라운 교체,1
친절하고 꼼꼼한 진료,1
임플란트 신경치료 잇몸치료,1
인레이,1
동탄 메디컬타워,1
병원 임대,1
신경외과,1
정확한 시술,1
성공률 높은 임플란트,1
전문의 진료,1
인플란트,1
턱통증,1
어금니,1
임플란트 가격,1
치과 예약,1
아이 치과,1
소아 치과,1
치근 진료,1
당일 진료,1
진료 예약,1
의뢰서,1
지인할인,1
치과 보존치료,1
치과 잘하는 곳,1
영천동 치과,1
일요일 진료,1
잘 봐주는 곳,1
주걱턱,1
부정교합,1
교정 전문의,1
정기검진,1
치과 방문,1
치아 파손,1
통증 없는 치과,1
임플란트 최소화,1
의료진 태도,1
무서운 치과,1
웃음 가스,1
치아 상태,1
치료 후기,1
교정전문,1
원장님 설명,1
아이 치료,1
저렴한,1
원데이,1
레진 인레이 비용,1
치과 가격,1
영구치 파손,1
아이 치아 치료,1
앞니 깨짐,1
신경 손상,1
자연치아 보존,1
통증 완화,1
수면 마취,1
위생 관리,1
이시림,1
이가 시림,1
미세현미경 치료,1
사랑니,1
동탄호수공원,1
믿을 만한 치과,1
오래 다닐 만한 치과,1
큰 치료,1
꼼꼼한 치과,1
동탄신도시 치과,1
정밀 진단,1
충치 치료 비용,1
치과 검사,1
치과 진단,1
금니 치료,1
경력 많은 의사,1
어머니 치과 치료,1
치아 부러짐,1
치아 뿌리 썩음,1
상악동거상술,1
치과 견적,1
동탄본치과의원,1
치료 경험,1
병점역 치과,1
치아 성형,1
라미네이트,1
치료 과정,1
진료 환경,1
웃음가스,1
정밀 설계,1
의료진 경험,1
디지털 방식,1
상악동,1
잇몸 염증,1
크라운 재치료,1
보존 치료,1
과잉 진료,1
임신중 치과,1
잇몸 부음,1
동탄호수공원 치과,1
임산부 치과 치료,1
양심 진료,1
정기 검진,1
동탄신도시 임플란트,1
치과 선택 기준,1
통증 경감,1
진정 치료,1
보험 임플란트,1
인 원장 치과,1
믿을 수 있는 치과,1
치아 상태 설명,1
교정치료,1
보존과,1
동탄 사랑니,1
야간진료,1
늦게까지 하는 치과,1
